rank,candidate,total_score,sd40_rmsd,contact_recovery,recovered_contacts,reference_contacts,clashing_atoms,rmsd_score,contact_score,clash_score,passed_filters,sd40_chain,sd40_coverage
1,span18A_design_1_s07_LELLQSLLNE_model0,58.9111,4.1600,0.4426,27,61,0,0.1877,0.4426,1.0000,,A,1.0000
2,span18A_design_1_s03_LEELLRELRK_model1,45.2588,7.8786,0.1148,7,61,0,0.0605,0.1148,1.0000,,A,1.0000
3,span18A_design_0_s08_SLSELEKRRT_model2,43.5924,4.5729,0.5082,31,61,7,0.1606,0.5082,0.5882,,A,1.0000
4,span18A_design_1_s01_EELLKKLLDE_model2,29.6631,4.4132,0.4262,26,61,24,0.1704,0.4262,0.2941,,A,1.0000
5,span18A_design_1_s01_EELLKKLLDE_model0,28.5511,4.5750,0.5246,32,61,40,0.1604,0.5246,0.2000,,A,1.0000
6,span18A_design_0_s05_SLKELEEEKT_model0,27.9608,3.0829,0.5902,36,61,282,0.2962,0.5902,0.0342,,A,1.0000
7,baseline_GGGGSGGGGS_model2,27.1755,3.1445,0.6066,37,61,1173,0.2880,0.6066,0.0085,,A,1.0000
8,span18A_design_2_s06_SPLEELRKLR_model0,25.9213,4.8844,0.4590,28,61,41,0.1436,0.4590,0.1961,,A,1.0000
9,span18A_design_0_s03_SEELLDRLRT_model0,24.8689,3.1315,0.5246,32,61,900,0.2897,0.5246,0.0110,,A,1.0000
10,span18A_design_0_s08_SLSELEKRRT_model0,24.7333,3.7376,0.5738,35,61,465,0.2226,0.5738,0.0211,,A,1.0000
11,span18A_design_0_s03_SEELLDRLRT_model2,24.6059,4.5969,0.4590,28,61,56,0.1592,0.4590,0.1515,,A,1.0000
12,baseline_GGGGSGGGGS_model0,24.1035,3.8025,0.5738,35,61,1017,0.2167,0.5738,0.0097,,A,1.0000
13,span18A_design_2_s09_DEELEKRLKE_model0,23.5025,4.5105,0.5574,34,61,206,0.1643,0.5574,0.0463,,A,1.0000
14,span18A_design_2_s09_DEELEKRLKE_model2,21.7129,4.4087,0.5082,31,61,287,0.1707,0.5082,0.0337,,A,1.0000
15,span18A_design_0_s03_SEELLDRLRT_model1,21.3661,4.5527,0.5410,33,61,1400,0.1618,0.5410,0.0071,,A,1.0000
16,span18A_design_1_s09_SSLLAALARQ_model2,20.9542,4.7920,0.5082,31,61,308,0.1483,0.5082,0.0314,,A,1.0000
17,span18A_design_0_s02_SLEELEKEKT_model0,20.8048,4.6209,0.5246,32,61,1188,0.1578,0.5246,0.0083,,A,1.0000
18,span18A_design_2_s08_DLKKELEKKK_model0,20.6088,4.4653,0.5082,31,61,1132,0.1671,0.5082,0.0088,,A,1.0000
19,span18A_design_1_s09_SSLLAALARQ_model1,20.5109,4.7427,0.4426,27,61,138,0.1510,0.4426,0.0676,,A,1.0000
20,span18A_design_2_s09_DEELEKRLKE_model1,19.9690,4.5513,0.4918,30,61,1103,0.1618,0.4918,0.0090,,A,1.0000
21,span18A_design_2_s01_DEAERAEAEK_model0,19.7601,4.6437,0.4918,30,61,1272,0.1565,0.4918,0.0078,,A,1.0000
22,baseline_GGGGSGGGGS_model1,19.6714,3.7807,0.4262,26,61,1221,0.2187,0.4262,0.0081,,A,1.0000
23,span18A_design_2_s06_SPLEELRKLR_model1,19.3740,5.0740,0.4918,30,61,673,0.1345,0.4918,0.0146,,A,1.0000
24,span18A_design_0_s08_SLSELEKRRT_model1,19.2893,4.4862,0.4590,28,61,724,0.1658,0.4590,0.0136,,A,1.0000
25,span18A_design_1_s01_EELLKKLLDE_model1,18.9847,3.7786,0.3770,23,61,351,0.2188,0.3770,0.0277,,A,1.0000
26,span18A_design_1_s03_LEELLRELRK_model2,18.7570,4.6076,0.4426,27,61,544,0.1585,0.4426,0.0181,,A,1.0000
27,span18A_design_0_s02_SLEELEKEKT_model1,18.1093,4.2715,0.3770,23,61,275,0.1798,0.3770,0.0351,,A,1.0000
28,span18A_design_2_s07_DLEALLKELE_model0,18.0945,4.3496,0.3934,24,61,369,0.1745,0.3934,0.0264,,A,1.0000
29,span18A_design_1_s07_LELLQSLLNE_model1,17.8150,4.6151,0.4098,25,61,505,0.1581,0.4098,0.0194,,A,1.0000
30,span18A_design_2_s07_DLEALLKELE_model2,17.1951,4.5427,0.3770,23,61,385,0.1624,0.3770,0.0253,,A,1.0000
31,span18A_design_1_s02_LELLKKLLDE_model0,16.9214,4.9781,0.3607,22,61,197,0.1390,0.3607,0.0483,,A,1.0000
32,span18A_design_2_s06_SPLEELRKLR_model2,16.2399,5.3928,0.4098,25,61,1250,0.1209,0.4098,0.0079,,A,1.0000
33,span18A_design_0_s05_SLKELEEEKT_model1,16.0372,4.3800,0.3443,21,61,740,0.1725,0.3443,0.0133,,A,1.0000
34,span18A_design_2_s01_DEAERAEAEK_model2,15.9607,5.4824,0.3934,24,61,621,0.1174,0.3934,0.0158,,A,1.0000
35,span18A_design_2_s07_DLEALLKELE_model1,15.2927,5.4284,0.3770,23,61,1001,0.1195,0.3770,0.0099,,A,1.0000
36,span18A_design_1_s02_LELLKKLLDE_model2,15.1484,5.9809,0.2951,18,61,112,0.1006,0.2951,0.0820,,A,1.0000
37,span18A_design_1_s07_LELLQSLLNE_model2,14.9894,5.1085,0.3279,20,61,333,0.1329,0.3279,0.0292,,A,1.0000
38,span18A_design_2_s08_DLKKELEKKK_model2,14.3174,5.7834,0.3607,22,61,1354,0.1068,0.3607,0.0073,,A,1.0000
39,span18A_design_1_s02_LELLKKLLDE_model1,13.4787,5.1054,0.2787,17,61,345,0.1330,0.2787,0.0282,,A,1.0000
40,span18A_design_2_s08_DLKKELEKKK_model1,13.1987,5.9387,0.2951,18,61,300,0.1019,0.2951,0.0323,,A,1.0000
41,span18A_design_1_s09_SSLLAALARQ_model0,12.7506,5.3825,0.2623,16,61,312,0.1213,0.2623,0.0311,,A,1.0000
42,span18A_design_0_s05_SLKELEEEKT_model2,12.3743,6.1232,0.2459,15,61,180,0.0964,0.2459,0.0526,,A,1.0000
43,span18A_design_2_s01_DEAERAEAEK_model1,11.8266,8.3452,0.3279,20,61,1098,0.0543,0.3279,0.0090,,A,1.0000
44,span18A_design_1_s03_LEELLRELRK_model0,8.3723,8.3987,0.2131,13,61,1074,0.0537,0.2131,0.0092,,A,1.0000
45,span18A_design_0_s02_SLEELEKEKT_model2,4.2694,8.6824,0.0656,4,61,496,0.0504,0.0656,0.0198,,A,1.0000
