"span_A","state","stage","updated","message"
"11","complete","all","2026-09-13T00:13:24","已验收，跳过"
"12","complete","all","2026-09-13T01:45:57","RF=3; MPNN=30; QC通过=27; Boltz模型=84; Vina通过=12"
"13","complete","all","2026-09-13T05:43:22","RF=3; MPNN=30; QC通过=26; Boltz模型=81; Vina通过=10"
"14","complete","all","2026-09-13T07:15:41","RF=3; MPNN=30; QC通过=9; Boltz模型=30; Vina通过=8"
"15","complete","all","2026-09-13T09:06:09","RF=3; MPNN=30; QC通过=11; Boltz模型=36; Vina通过=11"
"16","complete","online-MMseqs2-all","2026-09-14T05:19:09","在线MSA重算完成；RF=3; MPNN=30; QC通过=19; Boltz模型=60; Vina通过=16"
"17","complete","all","2026-09-13T17:11:04","RF=3; MPNN=30; QC通过=22; Boltz模型=69; Vina通过=18"
"18","complete","all","2026-09-13T20:49:24","RF=3; MPNN=30; QC通过=18; Boltz模型=57; Vina通过=14"
"19","complete","all","2026-09-13T23:24:34","RF=3; MPNN=30; QC通过=14; Boltz模型=45; Vina通过=13"
"20","complete","all","2026-09-14T01:44:54","RF=3; MPNN=30; QC通过=12; Boltz模型=39; Vina通过=11"
